frame_utc,frame_ist,echo_pixels,max_dbz_frame,n_echo_places
2026-09-14 14:46:45Z,2026-09-14 20:16 IST,815,33.3,0
2026-09-14 14:57:44Z,2026-09-14 20:27 IST,890,33.3,0
2026-09-14 15:19:22Z,2026-09-14 20:49 IST,910,36.0,0
2026-09-14 15:39:25Z,2026-09-14 21:09 IST,6636,44.0,0
2026-09-14 15:48:00Z,2026-09-14 21:18 IST,910,36.0,0
2026-09-14 15:49:54Z,2026-09-14 21:19 IST,411,30.7,0
2026-09-14 16:01:00Z,2026-09-14 21:31 IST,6636,44.0,0
2026-09-14 16:01:30Z,2026-09-14 21:31 IST,399,41.3,0
2026-09-14 16:22:28Z,2026-09-14 21:52 IST,2546,46.7,1
2026-09-14 16:24:49Z,2026-09-14 21:54 IST,817,36.0,0
2026-09-14 16:34:02Z,2026-09-14 22:04 IST,8570,44.0,0
2026-09-14 16:44:02Z,2026-09-14 22:14 IST,8567,44.0,0
2026-09-14 16:52:53Z,2026-09-14 22:22 IST,7873,44.0,0
2026-09-14 17:01:00Z,2026-09-14 22:31 IST,8567,44.0,0
2026-09-14 17:03:42Z,2026-09-14 22:33 IST,8161,44.0,0
2026-09-14 17:12:40Z,2026-09-14 22:42 IST,5879,44.0,0
2026-09-14 17:32:28Z,2026-09-14 23:02 IST,3745,41.3,0
2026-09-14 17:42:29Z,2026-09-14 23:12 IST,2555,41.3,0
2026-09-14 17:53:41Z,2026-09-14 23:23 IST,2167,44.0,0
2026-09-14 18:00:00Z,2026-09-14 23:30 IST,2555,41.3,0
2026-09-14 18:02:42Z,2026-09-14 23:32 IST,1979,46.7,0
2026-09-14 18:23:38Z,2026-09-14 23:53 IST,677,44.0,0
2026-09-14 18:30:00Z,2026-09-15 00:00 IST,1979,46.7,0
2026-09-14 18:32:48Z,2026-09-15 00:02 IST,1388,41.3,0
2026-09-14 18:42:27Z,2026-09-15 00:12 IST,1167,38.7,0
2026-09-14 18:53:39Z,2026-09-15 00:23 IST,895,46.7,0
2026-09-14 19:01:00Z,2026-09-15 00:31 IST,1167,38.7,0
2026-09-14 19:03:56Z,2026-09-15 00:33 IST,464,41.3,0
2026-09-14 19:14:19Z,2026-09-15 00:44 IST,745,41.3,0
2026-09-14 19:23:25Z,2026-09-15 00:53 IST,369,41.3,0
2026-09-14 19:33:58Z,2026-09-15 01:03 IST,659,41.3,0
2026-09-14 19:42:57Z,2026-09-15 01:12 IST,739,44.0,0
2026-09-14 19:52:21Z,2026-09-15 01:22 IST,634,44.0,0
2026-09-14 20:01:00Z,2026-09-15 01:31 IST,739,44.0,0
2026-09-14 20:14:11Z,2026-09-15 01:44 IST,1093,38.7,2
2026-09-14 20:23:06Z,2026-09-15 01:53 IST,1148,41.3,2
2026-09-14 20:32:30Z,2026-09-15 02:02 IST,889,44.0,2
2026-09-14 20:33:25Z,2026-09-15 02:03 IST,4585,46.7,0
2026-09-14 20:42:28Z,2026-09-15 02:12 IST,1188,44.0,2
2026-09-14 21:00:00Z,2026-09-15 02:30 IST,1188,44.0,2
2026-09-14 21:03:00Z,2026-09-15 02:33 IST,685,41.3,0
2026-09-14 21:13:41Z,2026-09-15 02:43 IST,1329,38.7,0
2026-09-14 21:22:42Z,2026-09-15 02:52 IST,879,44.0,0
2026-09-14 21:44:06Z,2026-09-15 03:14 IST,550,44.0,0
2026-09-14 21:54:43Z,2026-09-15 03:24 IST,787,38.7,0
2026-09-14 22:00:00Z,2026-09-15 03:30 IST,550,44.0,0
2026-09-14 22:13:25Z,2026-09-15 03:43 IST,542,44.0,0
2026-09-14 22:24:00Z,2026-09-15 03:54 IST,542,44.0,0
2026-09-14 22:33:42Z,2026-09-15 04:03 IST,614,38.7,0
2026-09-14 22:52:50Z,2026-09-15 04:22 IST,790,36.0,0
2026-09-14 23:01:00Z,2026-09-15 04:31 IST,790,36.0,0
2026-09-14 23:03:39Z,2026-09-15 04:33 IST,456,41.3,0
2026-09-14 23:23:38Z,2026-09-15 04:53 IST,1004,44.0,0
2026-09-14 23:34:18Z,2026-09-15 05:04 IST,8,20.0,0
2026-09-14 23:43:50Z,2026-09-15 05:13 IST,826,41.3,0
2026-09-14 23:52:47Z,2026-09-15 05:22 IST,411,33.3,0
2026-09-15 00:01:00Z,2026-09-15 05:31 IST,826,41.3,0
2026-09-15 00:03:43Z,2026-09-15 05:33 IST,592,33.3,0
2026-09-15 00:23:23Z,2026-09-15 05:53 IST,591,36.0,0
2026-09-15 00:33:52Z,2026-09-15 06:03 IST,413,33.3,0
2026-09-15 00:44:31Z,2026-09-15 06:14 IST,801,30.7,0
2026-09-15 00:53:16Z,2026-09-15 06:23 IST,479,33.3,0
2026-09-15 01:00:00Z,2026-09-15 06:30 IST,801,30.7,0
2026-09-15 01:13:49Z,2026-09-15 06:43 IST,682,28.0,0
2026-09-15 01:20:00Z,2026-09-15 06:50 IST,479,33.3,0
2026-09-15 01:23:31Z,2026-09-15 06:53 IST,201,22.7,0
2026-09-15 01:34:06Z,2026-09-15 07:04 IST,314,28.0,0
2026-09-15 01:43:03Z,2026-09-15 07:13 IST,598,28.0,0
2026-09-15 01:53:43Z,2026-09-15 07:23 IST,787,30.7,0
2026-09-15 02:01:00Z,2026-09-15 07:31 IST,598,28.0,0
2026-09-15 02:04:34Z,2026-09-15 07:34 IST,817,28.0,0
2026-09-15 02:15:17Z,2026-09-15 07:45 IST,714,25.3,0
2026-09-15 02:25:51Z,2026-09-15 07:55 IST,581,28.0,0
2026-09-15 02:46:59Z,2026-09-15 08:16 IST,605,22.7,0
2026-09-15 02:57:46Z,2026-09-15 08:27 IST,749,25.3,0
2026-09-15 03:00:00Z,2026-09-15 08:30 IST,605,22.7,0
2026-09-15 04:01:00Z,2026-09-15 09:31 IST,749,25.3,0
2026-09-15 04:12:18Z,2026-09-15 09:42 IST,612,22.7,0
2026-09-15 04:23:03Z,2026-09-15 09:53 IST,1208,30.7,0
2026-09-15 04:33:37Z,2026-09-15 10:03 IST,54,22.7,0
2026-09-15 04:54:54Z,2026-09-15 10:24 IST,76,36.0,0
2026-09-15 05:00:00Z,2026-09-15 10:30 IST,54,22.7,0
2026-09-15 05:05:21Z,2026-09-15 10:35 IST,542,25.3,0
2026-09-15 06:00:00Z,2026-09-15 11:30 IST,542,25.3,0
2026-09-15 06:04:42Z,2026-09-15 11:34 IST,277,36.0,0
2026-09-15 06:24:08Z,2026-09-15 11:54 IST,357,33.3,0
2026-09-15 06:43:38Z,2026-09-15 12:13 IST,100,30.7,3
2026-09-15 06:52:28Z,2026-09-15 12:22 IST,337,38.7,4
2026-09-15 07:00:00Z,2026-09-15 12:30 IST,100,30.7,3
2026-09-15 07:03:48Z,2026-09-15 12:33 IST,372,46.7,4
2026-09-15 07:34:00Z,2026-09-15 13:04 IST,372,46.7,4
2026-09-15 08:02:30Z,2026-09-15 13:32 IST,1096,41.3,4
2026-09-15 08:22:48Z,2026-09-15 13:52 IST,1049,46.7,7
2026-09-15 08:32:28Z,2026-09-15 14:02 IST,1482,44.0,6
2026-09-15 08:42:49Z,2026-09-15 14:12 IST,1816,49.3,6
2026-09-15 08:52:48Z,2026-09-15 14:22 IST,2119,49.3,7
2026-09-15 09:00:00Z,2026-09-15 14:30 IST,1816,49.3,6
2026-09-15 09:02:44Z,2026-09-15 14:32 IST,2287,49.3,7
2026-09-15 10:05:00Z,2026-09-15 15:35 IST,2287,49.3,7
2026-09-15 10:13:34Z,2026-09-15 15:43 IST,3035,46.7,0
2026-09-15 10:22:59Z,2026-09-15 15:52 IST,1456,49.3,0
2026-09-15 10:32:30Z,2026-09-15 16:02 IST,2939,46.7,0
2026-09-15 11:02:00Z,2026-09-15 16:32 IST,2939,46.7,0
2026-09-15 11:03:42Z,2026-09-15 16:33 IST,2152,49.3,0
2026-09-15 12:01:00Z,2026-09-15 17:31 IST,2152,49.3,0
2026-09-15 12:12:30Z,2026-09-15 17:42 IST,2720,49.3,0
2026-09-15 12:22:37Z,2026-09-15 17:52 IST,3553,49.3,1
2026-09-15 12:32:30Z,2026-09-15 18:02 IST,3473,46.7,1
2026-09-15 12:42:27Z,2026-09-15 18:12 IST,3981,49.3,15
2026-09-15 12:53:40Z,2026-09-15 18:23 IST,4514,52.0,9
2026-09-15 13:00:00Z,2026-09-15 18:30 IST,3981,49.3,15
2026-09-15 13:02:30Z,2026-09-15 18:32 IST,4194,49.3,10
2026-09-15 13:12:56Z,2026-09-15 18:42 IST,4526,46.7,5
2026-09-15 13:24:00Z,2026-09-15 18:54 IST,4194,49.3,10
2026-09-15 13:32:29Z,2026-09-15 19:02 IST,4733,46.7,1
2026-09-15 13:42:29Z,2026-09-15 19:12 IST,4891,46.7,0
2026-09-15 13:52:28Z,2026-09-15 19:22 IST,4832,46.7,0
2026-09-15 14:01:00Z,2026-09-15 19:31 IST,4891,46.7,0
2026-09-15 14:02:28Z,2026-09-15 19:32 IST,4326,52.0,0
2026-09-15 14:22:20Z,2026-09-15 19:52 IST,4066,46.7,0
2026-09-15 14:33:44Z,2026-09-15 20:03 IST,4496,46.7,0
2026-09-15 14:42:39Z,2026-09-15 20:12 IST,4440,46.7,0
2026-09-15 14:53:52Z,2026-09-15 20:23 IST,4507,46.7,0
2026-09-15 15:01:00Z,2026-09-15 20:31 IST,4440,46.7,0
2026-09-15 15:12:56Z,2026-09-15 20:42 IST,4133,46.7,0
2026-09-15 15:23:06Z,2026-09-15 20:53 IST,4973,46.7,0
2026-09-15 15:32:27Z,2026-09-15 21:02 IST,4390,44.0,0
2026-09-15 15:53:41Z,2026-09-15 21:23 IST,5760,46.7,0
2026-09-15 16:01:00Z,2026-09-15 21:31 IST,4390,44.0,0
2026-09-15 16:02:31Z,2026-09-15 21:32 IST,3854,46.7,0
2026-09-15 16:12:32Z,2026-09-15 21:42 IST,3208,46.7,0
2026-09-15 16:32:41Z,2026-09-15 22:02 IST,3569,46.7,0
2026-09-15 16:42:35Z,2026-09-15 22:12 IST,3348,38.7,0
2026-09-15 16:52:36Z,2026-09-15 22:22 IST,3147,36.0,0
2026-09-15 17:00:00Z,2026-09-15 22:30 IST,3348,38.7,0
2026-09-15 17:02:29Z,2026-09-15 22:32 IST,2413,41.3,0
2026-09-15 17:12:38Z,2026-09-15 22:42 IST,2667,36.0,0
2026-09-15 17:22:39Z,2026-09-15 22:52 IST,2583,41.3,0
2026-09-15 17:42:27Z,2026-09-15 23:12 IST,1533,41.3,0
2026-09-15 17:53:41Z,2026-09-15 23:23 IST,1589,52.0,0
2026-09-15 18:01:00Z,2026-09-15 23:31 IST,1533,41.3,0
2026-09-15 18:02:44Z,2026-09-15 23:32 IST,1525,36.0,0
2026-09-15 18:23:41Z,2026-09-15 23:53 IST,1249,44.0,0
2026-09-15 18:33:31Z,2026-09-16 00:03 IST,922,49.3,0
2026-09-15 18:43:22Z,2026-09-16 00:13 IST,1094,49.3,0
2026-09-15 18:52:27Z,2026-09-16 00:22 IST,1609,46.7,0
2026-09-15 19:01:00Z,2026-09-16 00:31 IST,1094,49.3,0
2026-09-15 19:02:21Z,2026-09-16 00:32 IST,1115,46.7,0
2026-09-15 19:13:02Z,2026-09-16 00:43 IST,1855,46.7,0
2026-09-15 19:23:45Z,2026-09-16 00:53 IST,1878,46.7,0
2026-09-15 19:34:36Z,2026-09-16 01:04 IST,2145,41.3,0
2026-09-15 19:45:00Z,2026-09-16 01:15 IST,1941,41.3,0
2026-09-15 19:55:35Z,2026-09-16 01:25 IST,2198,41.3,0
2026-09-15 20:01:00Z,2026-09-16 01:31 IST,1941,41.3,0
2026-09-15 20:06:34Z,2026-09-16 01:36 IST,2481,44.0,0
2026-09-15 20:24:35Z,2026-09-16 01:54 IST,2753,38.7,0
2026-09-15 20:35:11Z,2026-09-16 02:05 IST,2359,44.0,0
2026-09-15 20:45:32Z,2026-09-16 02:15 IST,2429,46.7,1
2026-09-15 20:55:08Z,2026-09-16 02:25 IST,2582,44.0,2
2026-09-15 21:01:00Z,2026-09-16 02:31 IST,2429,46.7,1
2026-09-15 21:05:44Z,2026-09-16 02:35 IST,1633,44.0,0
2026-09-15 21:25:08Z,2026-09-16 02:55 IST,2349,41.3,0
2026-09-15 21:35:45Z,2026-09-16 03:05 IST,2737,44.0,0
2026-09-15 21:57:18Z,2026-09-16 03:27 IST,1540,38.7,0
2026-09-15 22:01:00Z,2026-09-16 03:31 IST,2737,44.0,0
2026-09-15 22:08:21Z,2026-09-16 03:38 IST,2047,33.3,0
2026-09-15 22:19:13Z,2026-09-16 03:49 IST,24,28.0,0
2026-09-15 22:28:53Z,2026-09-16 03:58 IST,918,36.0,0
2026-09-15 22:50:58Z,2026-09-16 04:20 IST,1867,44.0,1
2026-09-15 23:00:00Z,2026-09-16 04:30 IST,1867,44.0,1
2026-09-15 23:01:54Z,2026-09-16 04:31 IST,1169,33.3,0
2026-09-15 23:11:10Z,2026-09-16 04:41 IST,991,38.7,1
2026-09-15 23:22:01Z,2026-09-16 04:52 IST,1132,36.0,4
2026-09-15 23:32:38Z,2026-09-16 05:02 IST,876,41.3,7
2026-09-15 23:55:12Z,2026-09-16 05:25 IST,988,46.7,3
2026-09-16 00:00:00Z,2026-09-16 05:30 IST,876,41.3,7
2026-09-16 00:06:21Z,2026-09-16 05:36 IST,1865,36.0,0
2026-09-16 00:10:00Z,2026-09-16 05:40 IST,988,46.7,3
2026-09-16 00:16:58Z,2026-09-16 05:46 IST,962,41.3,0
2026-09-16 00:27:49Z,2026-09-16 05:57 IST,1757,38.7,0
2026-09-16 00:38:01Z,2026-09-16 06:08 IST,2070,41.3,0
2026-09-16 00:49:01Z,2026-09-16 06:19 IST,3117,49.3,0
2026-09-16 01:00:00Z,2026-09-16 06:30 IST,2070,41.3,0
2026-09-16 01:10:04Z,2026-09-16 06:40 IST,3353,46.7,1
2026-09-16 01:18:56Z,2026-09-16 06:48 IST,1464,44.0,0
2026-09-16 01:29:55Z,2026-09-16 06:59 IST,1172,44.0,0
2026-09-16 01:40:43Z,2026-09-16 07:10 IST,1408,46.7,0
2026-09-16 02:00:00Z,2026-09-16 07:30 IST,1408,46.7,0
2026-09-16 02:02:21Z,2026-09-16 07:32 IST,1555,44.0,0
2026-09-16 02:12:00Z,2026-09-16 07:42 IST,1441,38.7,0
2026-09-16 02:23:42Z,2026-09-16 07:53 IST,1061,46.7,0
2026-09-16 02:33:32Z,2026-09-16 08:03 IST,1006,46.7,0
2026-09-16 02:44:11Z,2026-09-16 08:14 IST,1494,41.3,0
2026-09-16 02:54:12Z,2026-09-16 08:24 IST,1049,36.0,0
2026-09-16 03:01:00Z,2026-09-16 08:31 IST,1494,41.3,0
2026-09-16 03:04:52Z,2026-09-16 08:34 IST,778,28.0,0
2026-09-16 04:01:00Z,2026-09-16 09:31 IST,778,28.0,0
2026-09-16 04:17:53Z,2026-09-16 09:47 IST,1216,36.0,0
2026-09-16 04:28:22Z,2026-09-16 09:58 IST,1370,33.3,0
2026-09-16 04:49:32Z,2026-09-16 10:19 IST,1505,28.0,0
2026-09-16 04:59:21Z,2026-09-16 10:29 IST,684,25.3,0
2026-09-16 05:01:00Z,2026-09-16 10:31 IST,1505,28.0,0
2026-09-16 05:08:15Z,2026-09-16 10:38 IST,1183,25.3,0
2026-09-16 05:52:00Z,2026-09-16 11:22 IST,1183,25.3,0
2026-09-16 06:05:25Z,2026-09-16 11:35 IST,598,44.0,0
2026-09-16 06:24:29Z,2026-09-16 11:54 IST,1342,33.3,0
2026-09-16 06:34:33Z,2026-09-16 12:04 IST,1617,38.7,0
2026-09-16 06:43:43Z,2026-09-16 12:13 IST,1118,36.0,0
2026-09-16 06:52:36Z,2026-09-16 12:22 IST,1163,33.3,0
2026-09-16 07:01:00Z,2026-09-16 12:31 IST,1118,36.0,0
2026-09-16 07:02:28Z,2026-09-16 12:32 IST,1195,38.7,0
2026-09-16 08:00:00Z,2026-09-16 13:30 IST,1195,38.7,0
2026-09-16 08:02:25Z,2026-09-16 13:32 IST,1465,46.7,0
2026-09-16 08:23:44Z,2026-09-16 13:53 IST,1203,46.7,0
2026-09-16 08:32:24Z,2026-09-16 14:02 IST,1540,44.0,0
2026-09-16 08:42:26Z,2026-09-16 14:12 IST,2027,44.0,2
2026-09-16 08:52:30Z,2026-09-16 14:22 IST,2486,46.7,1
2026-09-16 09:00:00Z,2026-09-16 14:30 IST,2027,44.0,2
2026-09-16 10:00:00Z,2026-09-16 15:30 IST,2486,46.7,1
2026-09-16 10:02:27Z,2026-09-16 15:32 IST,1380,44.0,4
2026-09-16 10:22:29Z,2026-09-16 15:52 IST,1748,46.7,3
2026-09-16 10:32:25Z,2026-09-16 16:02 IST,2186,46.7,2
2026-09-16 11:01:00Z,2026-09-16 16:31 IST,2186,46.7,2
2026-09-16 11:02:33Z,2026-09-16 16:32 IST,1355,44.0,1
2026-09-16 11:19:00Z,2026-09-16 16:49 IST,1355,44.0,1
2026-09-16 12:01:00Z,2026-09-16 17:31 IST,1355,44.0,1
2026-09-16 12:13:42Z,2026-09-16 17:43 IST,1254,46.7,1
2026-09-16 12:23:19Z,2026-09-16 17:53 IST,1685,46.7,1
2026-09-16 12:32:27Z,2026-09-16 18:02 IST,1838,41.3,4
2026-09-16 12:42:53Z,2026-09-16 18:12 IST,293,44.0,0
2026-09-16 12:52:26Z,2026-09-16 18:22 IST,1371,41.3,4
2026-09-16 13:01:00Z,2026-09-16 18:31 IST,293,44.0,0
2026-09-16 13:02:26Z,2026-09-16 18:32 IST,1717,49.3,3
2026-09-16 13:12:28Z,2026-09-16 18:42 IST,1308,49.3,2
2026-09-16 13:22:27Z,2026-09-16 18:52 IST,1719,46.7,2
2026-09-16 13:33:49Z,2026-09-16 19:03 IST,1303,49.3,1
2026-09-16 13:52:22Z,2026-09-16 19:22 IST,1240,44.0,0
2026-09-16 14:01:00Z,2026-09-16 19:31 IST,1240,44.0,0
2026-09-16 14:02:26Z,2026-09-16 19:32 IST,1212,44.0,1
2026-09-16 14:12:28Z,2026-09-16 19:42 IST,1239,41.3,0
2026-09-16 14:22:25Z,2026-09-16 19:52 IST,1162,36.0,0
2026-09-16 14:32:26Z,2026-09-16 20:02 IST,883,41.3,0
2026-09-16 14:52:28Z,2026-09-16 20:22 IST,1341,38.7,0
2026-09-16 15:01:00Z,2026-09-16 20:31 IST,883,41.3,0
2026-09-16 15:02:59Z,2026-09-16 20:32 IST,2210,44.0,0
2026-09-16 15:22:24Z,2026-09-16 20:52 IST,2682,46.7,0
2026-09-16 15:32:26Z,2026-09-16 21:02 IST,1885,41.3,0
2026-09-16 15:52:29Z,2026-09-16 21:22 IST,3310,44.0,0
2026-09-16 16:01:00Z,2026-09-16 21:31 IST,3310,44.0,0
2026-09-16 16:02:27Z,2026-09-16 21:32 IST,4038,44.0,0
2026-09-16 16:22:28Z,2026-09-16 21:52 IST,3969,49.3,0
2026-09-16 16:32:28Z,2026-09-16 22:02 IST,3286,41.3,0
2026-09-16 16:39:00Z,2026-09-16 22:09 IST,3969,49.3,0
2026-09-16 17:01:00Z,2026-09-16 22:31 IST,3286,41.3,0
2026-09-16 17:02:28Z,2026-09-16 22:32 IST,4753,46.7,0
2026-09-16 17:12:27Z,2026-09-16 22:42 IST,4333,46.7,0
2026-09-16 17:22:33Z,2026-09-16 22:52 IST,4359,49.3,0
2026-09-16 17:32:26Z,2026-09-16 23:02 IST,5476,46.7,0
2026-09-16 17:52:27Z,2026-09-16 23:22 IST,5682,49.3,0
2026-09-16 18:01:00Z,2026-09-16 23:31 IST,5476,46.7,0
2026-09-16 18:02:26Z,2026-09-16 23:32 IST,5701,49.3,0
2026-09-16 18:23:44Z,2026-09-16 23:53 IST,5736,46.7,0
2026-09-16 18:32:33Z,2026-09-17 00:02 IST,6686,46.7,0
2026-09-16 18:52:23Z,2026-09-17 00:22 IST,7902,46.7,0
2026-09-16 19:01:00Z,2026-09-17 00:31 IST,7902,46.7,0
2026-09-16 19:02:24Z,2026-09-17 00:32 IST,6285,49.3,0
2026-09-16 19:22:26Z,2026-09-17 00:52 IST,7887,46.7,0
2026-09-16 19:32:27Z,2026-09-17 01:02 IST,7153,46.7,0
2026-09-16 19:52:29Z,2026-09-17 01:22 IST,7458,46.7,0
2026-09-16 19:57:00Z,2026-09-17 01:27 IST,7153,46.7,0
2026-09-16 20:01:00Z,2026-09-17 01:31 IST,7458,46.7,0
2026-09-16 20:02:29Z,2026-09-17 01:32 IST,6545,46.7,0
2026-09-16 20:12:29Z,2026-09-17 01:42 IST,6803,46.7,0
2026-09-16 20:22:28Z,2026-09-17 01:52 IST,6927,46.7,0
2026-09-16 20:42:35Z,2026-09-17 02:12 IST,8550,49.3,0
2026-09-16 20:52:27Z,2026-09-17 02:22 IST,9291,49.3,0
2026-09-16 21:01:00Z,2026-09-17 02:31 IST,9291,49.3,0
2026-09-16 21:12:27Z,2026-09-17 02:42 IST,8779,49.3,0
2026-09-16 21:32:27Z,2026-09-17 03:02 IST,5661,49.3,0
2026-09-16 21:52:27Z,2026-09-17 03:22 IST,4821,46.7,0
2026-09-16 22:01:00Z,2026-09-17 03:31 IST,4821,46.7,0
2026-09-16 22:02:21Z,2026-09-17 03:32 IST,4401,49.3,0
2026-09-16 22:23:53Z,2026-09-17 03:53 IST,1638,46.7,0
2026-09-16 22:32:24Z,2026-09-17 04:02 IST,3606,46.7,0
2026-09-16 22:42:31Z,2026-09-17 04:12 IST,2876,44.0,0
2026-09-16 22:49:00Z,2026-09-17 04:19 IST,1638,46.7,0
2026-09-16 22:52:28Z,2026-09-17 04:22 IST,2988,44.0,0
2026-09-16 23:00:00Z,2026-09-17 04:30 IST,2876,44.0,0
2026-09-16 23:02:20Z,2026-09-17 04:32 IST,2913,44.0,0
2026-09-16 23:12:21Z,2026-09-17 04:42 IST,2858,44.0,0
2026-09-16 23:32:24Z,2026-09-17 05:02 IST,3075,41.3,0
2026-09-16 23:52:25Z,2026-09-17 05:22 IST,2924,38.7,0
2026-09-17 00:01:00Z,2026-09-17 05:31 IST,2924,38.7,0
2026-09-17 00:02:26Z,2026-09-17 05:32 IST,3448,33.3,0
2026-09-17 00:22:28Z,2026-09-17 05:52 IST,3892,33.3,0
2026-09-17 00:32:27Z,2026-09-17 06:02 IST,3648,36.0,0
2026-09-17 00:42:30Z,2026-09-17 06:12 IST,3122,30.7,0
2026-09-17 00:52:28Z,2026-09-17 06:22 IST,2221,28.0,0
2026-09-17 01:01:00Z,2026-09-17 06:31 IST,3122,30.7,0
2026-09-17 01:02:33Z,2026-09-17 06:32 IST,1577,28.0,0
2026-09-17 01:15:00Z,2026-09-17 06:45 IST,2221,28.0,0
2026-09-17 01:33:56Z,2026-09-17 07:03 IST,225,22.7,0
2026-09-17 01:43:55Z,2026-09-17 07:13 IST,180,25.3,0
2026-09-17 02:00:00Z,2026-09-17 07:30 IST,180,25.3,0
2026-09-17 02:02:39Z,2026-09-17 07:32 IST,205,36.0,0
2026-09-17 02:32:26Z,2026-09-17 08:02 IST,259,41.3,0
2026-09-17 02:42:27Z,2026-09-17 08:12 IST,188,38.7,0
2026-09-17 03:00:00Z,2026-09-17 08:30 IST,188,38.7,0
2026-09-17 03:02:27Z,2026-09-17 08:32 IST,230,41.3,0
2026-09-17 04:01:00Z,2026-09-17 09:31 IST,227,41.3,0
2026-09-17 04:12:37Z,2026-09-17 09:42 IST,70,30.7,0
2026-09-17 04:22:24Z,2026-09-17 09:52 IST,428,28.0,0
2026-09-17 04:42:27Z,2026-09-17 10:12 IST,103,33.3,0
2026-09-17 05:01:00Z,2026-09-17 10:31 IST,103,33.3,0
2026-09-17 05:02:59Z,2026-09-17 10:32 IST,157,33.3,0
2026-09-17 06:00:00Z,2026-09-17 11:30 IST,157,33.3,0
2026-09-17 06:06:26Z,2026-09-17 11:36 IST,0,,0
2026-09-17 06:25:17Z,2026-09-17 11:55 IST,327,41.3,0
2026-09-17 06:35:33Z,2026-09-17 12:05 IST,288,33.3,0
2026-09-17 06:53:11Z,2026-09-17 12:23 IST,294,36.0,0
2026-09-17 07:00:00Z,2026-09-17 12:30 IST,288,33.3,0
2026-09-17 07:02:28Z,2026-09-17 12:32 IST,265,36.0,0
2026-09-17 07:30:00Z,2026-09-17 13:00 IST,265,36.0,0
2026-09-17 08:02:25Z,2026-09-17 13:32 IST,210,41.3,0
2026-09-17 08:22:21Z,2026-09-17 13:52 IST,367,44.0,0
2026-09-17 08:32:21Z,2026-09-17 14:02 IST,366,33.3,0
2026-09-17 08:42:23Z,2026-09-17 14:12 IST,775,46.7,0
2026-09-17 09:00:00Z,2026-09-17 14:30 IST,775,46.7,0
2026-09-17 09:02:25Z,2026-09-17 14:32 IST,782,38.7,0
2026-09-17 10:01:00Z,2026-09-17 15:31 IST,782,38.7,0
2026-09-17 10:12:43Z,2026-09-17 15:42 IST,1062,49.3,0
2026-09-17 10:22:28Z,2026-09-17 15:52 IST,1577,46.7,0
2026-09-17 10:32:28Z,2026-09-17 16:02 IST,1989,49.3,0
2026-09-17 10:52:36Z,2026-09-17 16:22 IST,2551,52.0,0
2026-09-17 11:00:00Z,2026-09-17 16:30 IST,1989,49.3,0
2026-09-17 11:02:27Z,2026-09-17 16:32 IST,3421,52.0,0
2026-09-17 12:01:00Z,2026-09-17 17:31 IST,3421,52.0,0
2026-09-17 12:02:26Z,2026-09-17 17:32 IST,3531,44.0,0
2026-09-17 12:12:26Z,2026-09-17 17:42 IST,174782,54.7,66
2026-09-17 13:00:00Z,2026-09-17 18:30 IST,174782,54.7,66
2026-09-17 13:18:00Z,2026-09-17 18:48 IST,174782,54.7,66
2026-09-17 14:01:00Z,2026-09-17 19:31 IST,174782,54.7,66
2026-09-17 15:01:00Z,2026-09-17 20:31 IST,174782,54.7,66
2026-09-17 16:01:00Z,2026-09-17 21:31 IST,174782,54.7,66
2026-09-20 06:52:23Z,2026-09-20 12:22 IST,174782,54.7,66
2026-09-20 07:02:23Z,2026-09-20 12:32 IST,776,46.7,0
2026-09-20 08:00:00Z,2026-09-20 13:30 IST,776,46.7,0
2026-09-20 08:12:22Z,2026-09-20 13:42 IST,3718,52.0,4
2026-09-20 08:22:21Z,2026-09-20 13:52 IST,3912,52.0,6
2026-09-20 09:00:00Z,2026-09-20 14:30 IST,3912,52.0,6
2026-09-20 10:00:00Z,2026-09-20 15:30 IST,3912,52.0,6
2026-09-20 11:00:00Z,2026-09-20 16:30 IST,3912,52.0,6
2026-09-20 12:00:00Z,2026-09-20 17:30 IST,3912,52.0,6
2026-09-20 13:00:00Z,2026-09-20 18:30 IST,3912,52.0,6
2026-09-20 14:00:00Z,2026-09-20 19:30 IST,3912,52.0,6
2026-09-21 06:42:35Z,2026-09-21 12:12 IST,1667,36.0,0
2026-09-21 06:52:22Z,2026-09-21 12:22 IST,1680,33.3,0
2026-09-21 08:01:00Z,2026-09-21 13:31 IST,1680,33.3,0
2026-09-21 08:12:22Z,2026-09-21 13:42 IST,4431,44.0,0
2026-09-21 08:22:22Z,2026-09-21 13:52 IST,4443,44.0,0
2026-09-21 08:32:22Z,2026-09-21 14:02 IST,4801,49.3,0
2026-09-21 08:42:22Z,2026-09-21 14:12 IST,5217,46.7,0
2026-09-21 08:52:22Z,2026-09-21 14:22 IST,6296,46.7,0
2026-09-21 09:01:00Z,2026-09-21 14:31 IST,5217,46.7,0
2026-09-21 09:02:22Z,2026-09-21 14:32 IST,6807,46.7,0
2026-09-21 09:22:22Z,2026-09-21 14:52 IST,8570,49.3,0
2026-09-21 10:01:00Z,2026-09-21 15:31 IST,6807,46.7,0
2026-09-21 10:35:00Z,2026-09-21 16:05 IST,8570,49.3,0
2026-09-21 11:01:00Z,2026-09-21 16:31 IST,8570,49.3,0
2026-09-21 12:00:00Z,2026-09-21 17:30 IST,8570,49.3,0
2026-09-21 12:32:22Z,2026-09-21 18:02 IST,17895,49.3,0
2026-09-21 12:42:22Z,2026-09-21 18:12 IST,17152,49.3,0
2026-09-21 12:52:22Z,2026-09-21 18:22 IST,170395,60.0,66
2026-09-21 13:01:00Z,2026-09-21 18:31 IST,17152,49.3,0
2026-09-21 13:02:22Z,2026-09-21 18:32 IST,16930,52.0,0
2026-09-21 13:12:22Z,2026-09-21 18:42 IST,17079,52.0,0
2026-09-21 13:22:22Z,2026-09-21 18:52 IST,9746,49.3,0
2026-09-21 13:32:22Z,2026-09-21 19:02 IST,20314,52.0,0
2026-09-21 13:42:22Z,2026-09-21 19:12 IST,19813,49.3,0
2026-09-21 13:52:22Z,2026-09-21 19:22 IST,19817,49.3,0
2026-09-21 14:01:00Z,2026-09-21 19:31 IST,19813,49.3,0
2026-09-21 14:12:22Z,2026-09-21 19:42 IST,20538,52.0,0
2026-09-21 14:22:22Z,2026-09-21 19:52 IST,20751,49.3,0
2026-09-21 14:32:22Z,2026-09-21 20:02 IST,21168,46.7,0
2026-09-21 14:42:22Z,2026-09-21 20:12 IST,20371,46.7,0
2026-09-21 14:52:23Z,2026-09-21 20:22 IST,19809,49.3,0
2026-09-21 15:01:00Z,2026-09-21 20:31 IST,20371,46.7,0
2026-09-21 15:02:22Z,2026-09-21 20:32 IST,18392,46.7,0
2026-09-21 15:12:22Z,2026-09-21 20:42 IST,18494,44.0,0
2026-09-21 15:22:22Z,2026-09-21 20:52 IST,18063,44.0,0
2026-09-21 15:32:22Z,2026-09-21 21:02 IST,17894,44.0,0
2026-09-21 15:42:22Z,2026-09-21 21:12 IST,15007,44.0,0
2026-09-21 15:52:22Z,2026-09-21 21:22 IST,13405,46.7,0
2026-09-21 16:01:00Z,2026-09-21 21:31 IST,15007,44.0,0
2026-09-21 16:02:22Z,2026-09-21 21:32 IST,11845,44.0,0
2026-09-21 16:12:22Z,2026-09-21 21:42 IST,10555,44.0,0
2026-09-21 16:22:21Z,2026-09-21 21:52 IST,11541,46.7,0
2026-09-21 16:32:22Z,2026-09-21 22:02 IST,11693,46.7,0
2026-09-21 16:42:22Z,2026-09-21 22:12 IST,9904,44.0,0
2026-09-21 16:52:22Z,2026-09-21 22:22 IST,11673,46.7,0
2026-09-21 16:56:00Z,2026-09-21 22:26 IST,11693,46.7,0
2026-09-21 17:01:00Z,2026-09-21 22:31 IST,9904,44.0,0
2026-09-21 17:02:23Z,2026-09-21 22:32 IST,12418,46.7,0
2026-09-21 17:12:22Z,2026-09-21 22:42 IST,10411,46.7,0
2026-09-21 17:32:22Z,2026-09-21 23:02 IST,10714,46.7,0
2026-09-21 17:42:23Z,2026-09-21 23:12 IST,8731,38.7,0
2026-09-21 17:52:23Z,2026-09-21 23:22 IST,8240,46.7,0
2026-09-21 18:01:00Z,2026-09-21 23:31 IST,8731,38.7,0
2026-09-21 18:12:22Z,2026-09-21 23:42 IST,8261,44.0,0
2026-09-21 18:22:22Z,2026-09-21 23:52 IST,7197,44.0,0
2026-09-21 18:32:23Z,2026-09-22 00:02 IST,7424,46.7,0
2026-09-21 18:42:22Z,2026-09-22 00:12 IST,5759,44.0,0
2026-09-21 19:01:00Z,2026-09-22 00:31 IST,5759,44.0,0
2026-09-21 19:02:23Z,2026-09-22 00:32 IST,5112,44.0,0
2026-09-21 19:12:22Z,2026-09-22 00:42 IST,5010,44.0,0
2026-09-21 19:32:22Z,2026-09-22 01:02 IST,4822,44.0,0
2026-09-21 19:42:22Z,2026-09-22 01:12 IST,4530,46.7,0
2026-09-21 20:01:00Z,2026-09-22 01:31 IST,4530,46.7,0
2026-09-21 20:02:22Z,2026-09-22 01:32 IST,2584,46.7,0
2026-09-21 20:12:22Z,2026-09-22 01:42 IST,1925,46.7,0
2026-09-21 20:22:22Z,2026-09-22 01:52 IST,1488,52.0,0
2026-09-21 20:32:22Z,2026-09-22 02:02 IST,1233,46.7,0
2026-09-21 20:42:22Z,2026-09-22 02:12 IST,1540,49.3,0
2026-09-21 20:52:22Z,2026-09-22 02:22 IST,1407,49.3,0
2026-09-21 20:56:00Z,2026-09-22 02:26 IST,1233,46.7,0
2026-09-21 21:00:00Z,2026-09-22 02:30 IST,1540,49.3,0
2026-09-21 21:12:22Z,2026-09-22 02:42 IST,1583,46.7,0
2026-09-21 21:22:22Z,2026-09-22 02:52 IST,1417,46.7,0
2026-09-21 21:32:22Z,2026-09-22 03:02 IST,1768,44.0,1
2026-09-21 21:42:22Z,2026-09-22 03:12 IST,1240,44.0,0
2026-09-21 21:52:22Z,2026-09-22 03:22 IST,1161,44.0,0
2026-09-21 22:01:00Z,2026-09-22 03:31 IST,1240,44.0,0
2026-09-21 22:02:22Z,2026-09-22 03:32 IST,1540,46.7,0
2026-09-21 22:22:22Z,2026-09-22 03:52 IST,1898,46.7,0
2026-09-21 22:32:22Z,2026-09-22 04:02 IST,1805,46.7,0
2026-09-21 22:42:22Z,2026-09-22 04:12 IST,1266,46.7,0
2026-09-21 22:52:22Z,2026-09-22 04:22 IST,1822,46.7,0
2026-09-21 23:01:00Z,2026-09-22 04:31 IST,1266,46.7,0
2026-09-21 23:59:00Z,2026-09-22 05:29 IST,1822,46.7,0
2026-09-22 00:01:00Z,2026-09-22 05:31 IST,1822,46.7,0
2026-09-22 01:01:00Z,2026-09-22 06:31 IST,1822,46.7,0
2026-09-22 02:00:00Z,2026-09-22 07:30 IST,1822,46.7,0
2026-09-22 04:12:22Z,2026-09-22 09:42 IST,1751,28.0,0
2026-09-22 04:22:22Z,2026-09-22 09:52 IST,1707,28.0,0
2026-09-22 04:32:22Z,2026-09-22 10:02 IST,174645,54.7,64
2026-09-22 05:00:00Z,2026-09-22 10:30 IST,1707,28.0,0
2026-09-22 06:01:00Z,2026-09-22 11:31 IST,1707,28.0,0
2026-09-22 07:01:00Z,2026-09-22 12:31 IST,1707,28.0,0
2026-09-22 08:01:00Z,2026-09-22 13:31 IST,1707,28.0,0
2026-09-22 09:01:00Z,2026-09-22 14:31 IST,1707,28.0,0
2026-09-22 09:48:00Z,2026-09-22 15:18 IST,1707,28.0,0
2026-09-22 11:00:00Z,2026-09-22 16:30 IST,1707,28.0,0
2026-09-22 13:01:00Z,2026-09-22 18:31 IST,174645,54.7,64
2026-09-22 14:01:00Z,2026-09-22 19:31 IST,174645,54.7,64
2026-09-22 14:37:00Z,2026-09-22 20:07 IST,174645,54.7,64
2026-09-22 15:03:00Z,2026-09-22 20:33 IST,174645,54.7,64
2026-09-22 15:46:05Z,2026-09-22 21:16 IST,69836,49.3,39
2026-09-22 16:01:00Z,2026-09-22 21:31 IST,69836,49.3,39
2026-09-23 14:36:09Z,2026-09-23 20:06 IST,174782,54.7,66
2026-09-23 14:46:09Z,2026-09-23 20:16 IST,178474,54.7,66
2026-09-23 15:01:00Z,2026-09-23 20:31 IST,178474,54.7,66
2026-09-23 16:01:00Z,2026-09-23 21:31 IST,178474,54.7,66
2026-09-23 16:40:00Z,2026-09-23 22:10 IST,178474,54.7,66
2026-09-23 17:01:00Z,2026-09-23 22:31 IST,178474,54.7,66
2026-09-23 18:36:42Z,2026-09-24 00:06 IST,69836,49.3,39
2026-09-23 19:01:00Z,2026-09-24 00:31 IST,174782,54.7,66
2026-09-23 20:00:00Z,2026-09-24 01:30 IST,174782,54.7,66
2026-09-23 21:01:00Z,2026-09-24 02:31 IST,174782,54.7,66
2026-09-23 22:01:00Z,2026-09-24 03:31 IST,174782,54.7,66
2026-09-24 07:01:00Z,2026-09-24 12:31 IST,178474,54.7,66
2026-09-24 08:01:00Z,2026-09-24 13:31 IST,178474,54.7,66
2026-09-24 09:01:00Z,2026-09-24 14:31 IST,178474,54.7,66
2026-09-24 09:51:00Z,2026-09-24 15:21 IST,178474,54.7,66
2026-09-24 11:01:00Z,2026-09-24 16:31 IST,178474,54.7,66
2026-09-24 12:01:00Z,2026-09-24 17:31 IST,178474,54.7,66
2026-09-24 13:01:00Z,2026-09-24 18:31 IST,69836,49.3,39
2026-09-24 18:59:00Z,2026-09-25 00:29 IST,69836,49.3,39
2026-09-24 19:01:00Z,2026-09-25 00:31 IST,69836,49.3,39
2026-09-26 02:42:22Z,2026-09-26 08:12 IST,69836,49.3,39
2026-09-26 02:52:22Z,2026-09-26 08:22 IST,233,36.0,0
2026-09-26 03:00:00Z,2026-09-26 08:30 IST,233,36.0,0
2026-09-26 03:02:22Z,2026-09-26 08:32 IST,464,33.3,0
2026-09-26 04:01:00Z,2026-09-26 09:31 IST,464,33.3,0
2026-09-26 04:12:23Z,2026-09-26 09:42 IST,768,41.3,0
2026-09-26 04:22:22Z,2026-09-26 09:52 IST,632,33.3,0
2026-09-26 04:32:22Z,2026-09-26 10:02 IST,1100,36.0,0
2026-09-26 04:52:23Z,2026-09-26 10:22 IST,396,33.3,0
2026-09-26 05:00:00Z,2026-09-26 10:30 IST,1100,36.0,0
2026-09-26 05:02:23Z,2026-09-26 10:32 IST,726,36.0,0
2026-09-26 06:01:00Z,2026-09-26 11:31 IST,726,36.0,0
2026-09-26 06:02:23Z,2026-09-26 11:32 IST,988,28.0,0
2026-09-26 06:22:22Z,2026-09-26 11:52 IST,1129,30.7,0
2026-09-26 06:32:22Z,2026-09-26 12:02 IST,934,25.3,0
2026-09-26 06:42:22Z,2026-09-26 12:12 IST,993,25.3,0
2026-09-26 07:01:00Z,2026-09-26 12:31 IST,993,25.3,0
2026-09-26 07:02:22Z,2026-09-26 12:32 IST,1208,28.0,0
2026-09-26 07:27:00Z,2026-09-26 12:57 IST,1208,28.0,0
2026-09-26 08:02:22Z,2026-09-26 13:32 IST,1153,30.7,2
2026-09-26 08:22:23Z,2026-09-26 13:52 IST,1443,30.7,0
2026-09-26 08:42:23Z,2026-09-26 14:12 IST,1674,36.0,0
2026-09-26 08:52:22Z,2026-09-26 14:22 IST,1668,30.7,0
2026-09-26 09:00:00Z,2026-09-26 14:30 IST,1674,36.0,0
2026-09-26 09:02:22Z,2026-09-26 14:32 IST,2295,33.3,0
2026-09-26 10:01:00Z,2026-09-26 15:31 IST,2295,33.3,0
2026-09-26 10:12:22Z,2026-09-26 15:42 IST,413,54.7,0
2026-09-26 10:22:22Z,2026-09-26 15:52 IST,231,54.7,2
2026-09-26 10:42:22Z,2026-09-26 16:12 IST,230,46.7,3
2026-09-26 10:52:23Z,2026-09-26 16:22 IST,259,46.7,0
2026-09-26 11:01:00Z,2026-09-26 16:31 IST,259,46.7,0
2026-09-26 11:02:22Z,2026-09-26 16:32 IST,1133,49.3,1
2026-09-26 12:01:00Z,2026-09-26 17:31 IST,1133,49.3,1
2026-09-26 12:12:22Z,2026-09-26 17:42 IST,358,44.0,0
2026-09-26 12:22:23Z,2026-09-26 17:52 IST,495,46.7,0
2026-09-26 12:32:22Z,2026-09-26 18:02 IST,765,46.7,0
2026-09-26 12:42:23Z,2026-09-26 18:12 IST,566,33.3,0
2026-09-26 12:52:23Z,2026-09-26 18:22 IST,1444,57.3,6
2026-09-26 12:56:00Z,2026-09-26 18:26 IST,765,46.7,0
2026-09-26 13:01:00Z,2026-09-26 18:31 IST,566,33.3,0
2026-09-26 13:12:22Z,2026-09-26 18:42 IST,844,44.0,3
2026-09-26 13:22:22Z,2026-09-26 18:52 IST,460,46.7,1
2026-09-26 13:32:22Z,2026-09-26 19:02 IST,713,25.3,1
2026-09-26 13:42:23Z,2026-09-26 19:12 IST,436,41.3,2
2026-09-26 13:52:23Z,2026-09-26 19:22 IST,1277,38.7,3
2026-09-26 14:00:00Z,2026-09-26 19:30 IST,436,41.3,2
2026-09-26 14:02:23Z,2026-09-26 19:32 IST,372,46.7,1
2026-09-26 14:22:22Z,2026-09-26 19:52 IST,580,30.7,1
2026-09-26 14:32:22Z,2026-09-26 20:02 IST,827,30.7,1
2026-09-26 14:42:23Z,2026-09-26 20:12 IST,414,41.3,3
2026-09-26 14:52:23Z,2026-09-26 20:22 IST,567,36.0,4
2026-09-26 15:01:00Z,2026-09-26 20:31 IST,414,41.3,3
2026-09-26 15:02:22Z,2026-09-26 20:32 IST,814,33.3,7
2026-09-26 15:22:23Z,2026-09-26 20:52 IST,544,44.0,5
2026-09-26 15:32:22Z,2026-09-26 21:02 IST,1172,38.7,3
2026-09-26 15:42:23Z,2026-09-26 21:12 IST,1270,33.3,1
2026-09-26 15:52:22Z,2026-09-26 21:22 IST,835,41.3,6
2026-09-26 16:00:00Z,2026-09-26 21:30 IST,1270,33.3,1
2026-09-26 16:02:22Z,2026-09-26 21:32 IST,829,33.3,3
2026-09-26 16:12:22Z,2026-09-26 21:42 IST,561,41.3,2
2026-09-26 16:22:22Z,2026-09-26 21:52 IST,812,36.0,4
2026-09-26 16:32:23Z,2026-09-26 22:02 IST,642,44.0,4
2026-09-26 16:42:23Z,2026-09-26 22:12 IST,536,36.0,1
2026-09-26 16:52:23Z,2026-09-26 22:22 IST,1142,33.3,2
2026-09-26 17:01:00Z,2026-09-26 22:31 IST,536,36.0,1
2026-09-26 17:02:22Z,2026-09-26 22:32 IST,383,52.0,6
2026-09-26 17:22:22Z,2026-09-26 22:52 IST,841,33.3,5
2026-09-26 17:32:22Z,2026-09-26 23:02 IST,720,41.3,3
2026-09-26 17:52:23Z,2026-09-26 23:22 IST,151,41.3,3
2026-09-26 18:01:00Z,2026-09-26 23:31 IST,720,41.3,3
2026-09-26 18:12:22Z,2026-09-26 23:42 IST,413,28.0,0
2026-09-26 18:22:23Z,2026-09-26 23:52 IST,119,28.0,0
2026-09-26 18:32:22Z,2026-09-27 00:02 IST,27,20.0,0
2026-09-26 19:01:00Z,2026-09-27 00:31 IST,27,20.0,0
2026-09-26 19:02:24Z,2026-09-27 00:32 IST,7,20.0,0
2026-09-26 19:12:22Z,2026-09-27 00:42 IST,30,25.3,0
2026-09-26 19:22:23Z,2026-09-27 00:52 IST,11,25.3,0
2026-09-26 19:32:22Z,2026-09-27 01:02 IST,139,30.7,0
2026-09-26 19:41:00Z,2026-09-27 01:11 IST,11,25.3,0
2026-09-26 19:42:22Z,2026-09-27 01:12 IST,285,33.3,0
2026-09-26 19:52:23Z,2026-09-27 01:22 IST,28,22.7,0
2026-09-26 20:00:00Z,2026-09-27 01:30 IST,285,33.3,0
2026-09-26 20:12:22Z,2026-09-27 01:42 IST,935,46.7,0
2026-09-26 20:22:22Z,2026-09-27 01:52 IST,119,28.0,0
2026-09-26 20:32:22Z,2026-09-27 02:02 IST,259,33.3,0
2026-09-26 20:42:23Z,2026-09-27 02:12 IST,216,41.3,0
2026-09-26 20:52:23Z,2026-09-27 02:22 IST,266,41.3,0
2026-09-26 21:01:00Z,2026-09-27 02:31 IST,216,41.3,0
2026-09-26 21:02:23Z,2026-09-27 02:32 IST,354,41.3,0
2026-09-26 21:22:22Z,2026-09-27 02:52 IST,594,36.0,0
2026-09-26 21:32:22Z,2026-09-27 03:02 IST,243,38.7,0
2026-09-26 21:42:23Z,2026-09-27 03:12 IST,231,41.3,0
2026-09-26 21:52:23Z,2026-09-27 03:22 IST,203,41.3,0
2026-09-26 22:00:00Z,2026-09-27 03:30 IST,231,41.3,0
2026-09-26 22:02:23Z,2026-09-27 03:32 IST,141,41.3,0
2026-09-26 22:12:22Z,2026-09-27 03:42 IST,176,52.0,0
2026-09-26 22:22:23Z,2026-09-27 03:52 IST,282,52.0,0
2026-09-26 22:32:23Z,2026-09-27 04:02 IST,509,46.7,0
2026-09-26 22:37:00Z,2026-09-27 04:07 IST,176,52.0,0
2026-09-26 22:42:22Z,2026-09-27 04:12 IST,94,41.3,0
2026-09-26 22:52:22Z,2026-09-27 04:22 IST,58,36.0,0
2026-09-26 23:00:00Z,2026-09-27 04:30 IST,94,41.3,0
2026-09-26 23:02:22Z,2026-09-27 04:32 IST,44,25.3,0
2026-09-26 23:12:23Z,2026-09-27 04:42 IST,85,36.0,0
2026-09-26 23:22:22Z,2026-09-27 04:52 IST,57,33.3,0
2026-09-26 23:32:23Z,2026-09-27 05:02 IST,70,25.3,0
2026-09-26 23:42:23Z,2026-09-27 05:12 IST,169,28.0,0
2026-09-26 23:52:25Z,2026-09-27 05:22 IST,34,33.3,0
2026-09-27 00:01:00Z,2026-09-27 05:31 IST,169,28.0,0
2026-09-27 00:02:22Z,2026-09-27 05:32 IST,22,41.3,0
2026-09-27 00:12:23Z,2026-09-27 05:42 IST,101,25.3,0
2026-09-27 00:22:22Z,2026-09-27 05:52 IST,113,30.7,0
2026-09-27 00:32:23Z,2026-09-27 06:02 IST,183,44.0,0
2026-09-27 00:42:22Z,2026-09-27 06:12 IST,420,38.7,0
2026-09-27 00:52:23Z,2026-09-27 06:22 IST,229,41.3,0
2026-09-27 01:00:00Z,2026-09-27 06:30 IST,420,38.7,0
2026-09-27 01:02:22Z,2026-09-27 06:32 IST,292,33.3,0
2026-09-27 01:12:23Z,2026-09-27 06:42 IST,714,46.7,0
2026-09-27 01:17:00Z,2026-09-27 06:47 IST,229,41.3,0
2026-09-27 01:22:22Z,2026-09-27 06:52 IST,884,38.7,0
2026-09-27 01:32:22Z,2026-09-27 07:02 IST,1026,52.0,0
2026-09-27 01:42:22Z,2026-09-27 07:12 IST,406,41.3,0
2026-09-27 01:52:23Z,2026-09-27 07:22 IST,497,28.0,0
2026-09-27 02:01:00Z,2026-09-27 07:31 IST,406,41.3,0
2026-09-27 02:02:23Z,2026-09-27 07:32 IST,187,25.3,0
2026-09-27 02:22:23Z,2026-09-27 07:52 IST,371,30.7,0
2026-09-27 02:32:22Z,2026-09-27 08:02 IST,87,30.7,0
2026-09-27 03:00:00Z,2026-09-27 08:30 IST,87,30.7,0
2026-09-27 03:12:23Z,2026-09-27 08:42 IST,96,22.7,0
2026-09-27 04:01:00Z,2026-09-27 09:31 IST,96,22.7,0
2026-09-27 04:22:25Z,2026-09-27 09:52 IST,470,25.3,0
2026-09-27 04:32:24Z,2026-09-27 10:02 IST,198,28.0,0
2026-09-27 04:52:26Z,2026-09-27 10:22 IST,725,33.3,0
2026-09-27 05:00:00Z,2026-09-27 10:30 IST,198,28.0,0
2026-09-27 05:02:23Z,2026-09-27 10:32 IST,787,44.0,0
2026-09-27 06:01:00Z,2026-09-27 11:31 IST,787,44.0,0
2026-09-27 06:12:23Z,2026-09-27 11:42 IST,855,30.7,0
2026-09-27 06:22:22Z,2026-09-27 11:52 IST,612,36.0,0
2026-09-27 06:32:22Z,2026-09-27 12:02 IST,798,46.7,0
2026-09-27 06:52:22Z,2026-09-27 12:22 IST,1142,33.3,0
2026-09-27 07:01:00Z,2026-09-27 12:31 IST,798,46.7,0
2026-09-27 07:02:22Z,2026-09-27 12:32 IST,640,36.0,0
2026-09-27 07:57:00Z,2026-09-27 13:27 IST,640,36.0,0
2026-09-27 08:12:22Z,2026-09-27 13:42 IST,415,46.7,0
2026-09-27 08:22:22Z,2026-09-27 13:52 IST,576,46.7,0
2026-09-27 08:32:23Z,2026-09-27 14:02 IST,730,33.3,1
2026-09-27 08:42:23Z,2026-09-27 14:12 IST,294,36.0,0
2026-09-27 08:52:23Z,2026-09-27 14:22 IST,781,41.3,0
2026-09-27 09:01:00Z,2026-09-27 14:31 IST,294,36.0,0
2026-09-27 10:00:00Z,2026-09-27 15:30 IST,781,41.3,0
2026-09-27 10:02:23Z,2026-09-27 15:32 IST,791,41.3,3
2026-09-27 10:22:23Z,2026-09-27 15:52 IST,925,60.0,3
2026-09-27 10:32:23Z,2026-09-27 16:02 IST,1002,44.0,4
2026-09-27 10:52:22Z,2026-09-27 16:22 IST,970,41.3,3
2026-09-27 11:00:00Z,2026-09-27 16:30 IST,970,41.3,3
2026-09-27 11:02:23Z,2026-09-27 16:32 IST,1093,41.3,2
2026-09-27 12:00:00Z,2026-09-27 17:30 IST,1093,41.3,2
2026-09-27 12:02:22Z,2026-09-27 17:32 IST,1521,54.7,7
2026-09-27 12:22:22Z,2026-09-27 17:52 IST,1060,49.3,8
2026-09-27 12:32:23Z,2026-09-27 18:02 IST,1054,46.7,4
2026-09-27 12:52:23Z,2026-09-27 18:22 IST,815,44.0,3
2026-09-27 13:01:00Z,2026-09-27 18:31 IST,1054,46.7,4
2026-09-27 13:02:22Z,2026-09-27 18:32 IST,1043,46.7,0
2026-09-27 13:22:23Z,2026-09-27 18:52 IST,1380,46.7,0
2026-09-27 13:32:22Z,2026-09-27 19:02 IST,1073,44.0,0
2026-09-27 13:47:00Z,2026-09-27 19:17 IST,1380,46.7,0
2026-09-27 13:52:22Z,2026-09-27 19:22 IST,558,46.7,0
2026-09-27 14:01:00Z,2026-09-27 19:31 IST,1073,44.0,0
2026-09-27 14:02:23Z,2026-09-27 19:32 IST,599,41.3,0
2026-09-27 14:22:23Z,2026-09-27 19:52 IST,1227,41.3,2
2026-09-27 14:32:24Z,2026-09-27 20:02 IST,1296,49.3,0
2026-09-27 14:52:22Z,2026-09-27 20:22 IST,939,36.0,0
2026-09-27 15:01:00Z,2026-09-27 20:31 IST,1296,49.3,0
2026-09-27 15:02:23Z,2026-09-27 20:32 IST,1022,41.3,0
2026-09-27 15:22:22Z,2026-09-27 20:52 IST,963,41.3,0
2026-09-27 15:32:22Z,2026-09-27 21:02 IST,1521,36.0,0
2026-09-27 15:52:23Z,2026-09-27 21:22 IST,1600,41.3,0
2026-09-27 16:00:00Z,2026-09-27 21:30 IST,1521,36.0,0
2026-09-27 16:12:23Z,2026-09-27 21:42 IST,2124,44.0,0
2026-09-27 16:22:22Z,2026-09-27 21:52 IST,1859,46.7,0
2026-09-27 16:32:22Z,2026-09-27 22:02 IST,2054,49.3,0
2026-09-27 16:49:00Z,2026-09-27 22:19 IST,1859,46.7,0
2026-09-27 16:52:23Z,2026-09-27 22:22 IST,2429,46.7,0
2026-09-27 17:01:00Z,2026-09-27 22:31 IST,2429,46.7,0
2026-09-27 17:02:23Z,2026-09-27 22:32 IST,2142,46.7,0
2026-09-27 17:12:24Z,2026-09-27 22:42 IST,2111,44.0,0
2026-09-27 17:17:00Z,2026-09-27 22:47 IST,2429,46.7,0
2026-09-27 17:22:23Z,2026-09-27 22:52 IST,2437,44.0,0
2026-09-27 17:32:22Z,2026-09-27 23:02 IST,2651,49.3,0
2026-09-27 17:38:00Z,2026-09-27 23:08 IST,2111,44.0,0
2026-09-27 17:42:22Z,2026-09-27 23:12 IST,2022,46.7,0
2026-09-27 18:00:00Z,2026-09-27 23:30 IST,2022,46.7,0
2026-09-27 18:02:22Z,2026-09-27 23:32 IST,2251,41.3,0
2026-09-27 18:14:00Z,2026-09-27 23:44 IST,2251,41.3,0
2026-09-27 18:32:24Z,2026-09-28 00:02 IST,1997,44.0,0
2026-09-27 18:42:22Z,2026-09-28 00:12 IST,1337,41.3,0
2026-09-27 18:52:22Z,2026-09-28 00:22 IST,1698,54.7,0
2026-09-27 19:01:00Z,2026-09-28 00:31 IST,1337,41.3,0
2026-09-27 19:12:24Z,2026-09-28 00:42 IST,1169,33.3,0
2026-09-27 19:32:25Z,2026-09-28 01:02 IST,834,33.3,0
2026-09-27 19:42:23Z,2026-09-28 01:12 IST,613,38.7,0
2026-09-27 19:52:23Z,2026-09-28 01:22 IST,789,41.3,0
2026-09-27 20:00:00Z,2026-09-28 01:30 IST,613,38.7,0
2026-09-27 20:02:22Z,2026-09-28 01:32 IST,543,30.7,0
2026-09-27 20:22:22Z,2026-09-28 01:52 IST,526,36.0,0
2026-09-27 20:42:23Z,2026-09-28 02:12 IST,444,41.3,0
2026-09-27 20:52:23Z,2026-09-28 02:22 IST,631,36.0,0
2026-09-27 21:01:00Z,2026-09-28 02:31 IST,429,41.3,0
2026-09-27 21:12:23Z,2026-09-28 02:42 IST,441,33.3,0
2026-09-27 21:22:22Z,2026-09-28 02:52 IST,643,28.0,0
2026-09-27 21:42:23Z,2026-09-28 03:12 IST,518,28.0,0
2026-09-27 21:52:22Z,2026-09-28 03:22 IST,1344,33.3,0
2026-09-27 21:59:00Z,2026-09-28 03:29 IST,518,28.0,0
2026-09-27 22:00:00Z,2026-09-28 03:30 IST,518,28.0,0
2026-09-27 22:02:22Z,2026-09-28 03:32 IST,340,22.7,0
2026-09-27 22:22:23Z,2026-09-28 03:52 IST,356,28.0,0
2026-09-27 22:32:23Z,2026-09-28 04:02 IST,603,28.0,0
2026-09-27 22:42:22Z,2026-09-28 04:12 IST,427,25.3,0
2026-09-27 22:52:21Z,2026-09-28 04:22 IST,302,25.3,0
2026-09-27 23:01:00Z,2026-09-28 04:31 IST,427,25.3,0
2026-09-27 23:02:21Z,2026-09-28 04:32 IST,529,28.0,0
2026-09-27 23:22:22Z,2026-09-28 04:52 IST,383,25.3,0
2026-09-27 23:32:23Z,2026-09-28 05:02 IST,755,30.7,0
2026-09-27 23:42:23Z,2026-09-28 05:12 IST,615,25.3,0
2026-09-27 23:52:23Z,2026-09-28 05:22 IST,701,30.7,0
2026-09-28 00:01:00Z,2026-09-28 05:31 IST,615,25.3,0
2026-09-28 00:12:25Z,2026-09-28 05:42 IST,330,30.7,0
2026-09-28 00:22:22Z,2026-09-28 05:52 IST,363,30.7,0
2026-09-28 00:29:00Z,2026-09-28 05:59 IST,330,30.7,0
2026-09-28 00:32:22Z,2026-09-28 06:02 IST,381,25.3,0
2026-09-28 00:42:23Z,2026-09-28 06:12 IST,455,28.0,0
2026-09-28 01:01:00Z,2026-09-28 06:31 IST,455,28.0,0
2026-09-28 01:02:22Z,2026-09-28 06:32 IST,510,28.0,0
2026-09-28 01:12:22Z,2026-09-28 06:42 IST,441,25.3,0
2026-09-28 01:22:23Z,2026-09-28 06:52 IST,399,25.3,0
2026-09-28 01:32:22Z,2026-09-28 07:02 IST,1042,30.7,0
2026-09-28 01:42:23Z,2026-09-28 07:12 IST,474,30.7,0
2026-09-28 01:52:23Z,2026-09-28 07:22 IST,902,33.3,0
2026-09-28 02:00:00Z,2026-09-28 07:30 IST,474,30.7,0
2026-09-28 03:01:00Z,2026-09-28 08:31 IST,902,33.3,0
2026-09-28 04:01:00Z,2026-09-28 09:31 IST,902,33.3,0
2026-09-28 05:00:00Z,2026-09-28 10:30 IST,902,33.3,0
2026-09-28 06:01:00Z,2026-09-28 11:31 IST,902,33.3,0
2026-09-28 06:02:23Z,2026-09-28 11:32 IST,559,36.0,0
2026-09-28 06:22:23Z,2026-09-28 11:52 IST,285,30.7,0
2026-09-28 06:32:22Z,2026-09-28 12:02 IST,534,41.3,0
2026-09-28 06:36:00Z,2026-09-28 12:06 IST,559,36.0,0
2026-09-28 06:52:23Z,2026-09-28 12:22 IST,516,44.0,0
2026-09-28 07:01:00Z,2026-09-28 12:31 IST,516,44.0,0
2026-09-28 07:02:23Z,2026-09-28 12:32 IST,717,44.0,0
2026-09-28 08:01:00Z,2026-09-28 13:31 IST,717,44.0,0
2026-09-28 08:12:22Z,2026-09-28 13:42 IST,2842,49.3,1
2026-09-28 08:22:23Z,2026-09-28 13:52 IST,2756,46.7,3
2026-09-28 08:32:23Z,2026-09-28 14:02 IST,2673,46.7,2
2026-09-28 08:42:22Z,2026-09-28 14:12 IST,2808,49.3,3
2026-09-28 08:52:23Z,2026-09-28 14:22 IST,2749,46.7,4
2026-09-28 09:01:00Z,2026-09-28 14:31 IST,2808,49.3,3
2026-09-28 09:02:22Z,2026-09-28 14:32 IST,3840,49.3,6
2026-09-28 10:01:00Z,2026-09-28 15:31 IST,3840,49.3,6
2026-09-28 10:22:23Z,2026-09-28 15:52 IST,2719,44.0,6
2026-09-28 10:32:22Z,2026-09-28 16:02 IST,3005,52.0,7
2026-09-28 10:42:23Z,2026-09-28 16:12 IST,2147,49.3,10
2026-09-28 10:52:23Z,2026-09-28 16:22 IST,2174,52.0,6
2026-09-28 11:01:00Z,2026-09-28 16:31 IST,2147,49.3,10
2026-09-28 12:01:00Z,2026-09-28 17:31 IST,2174,52.0,6
2026-09-28 12:02:23Z,2026-09-28 17:32 IST,2482,54.7,8
2026-09-28 12:12:23Z,2026-09-28 17:42 IST,2754,49.3,4
2026-09-28 12:32:23Z,2026-09-28 18:02 IST,2592,49.3,3
2026-09-28 12:42:23Z,2026-09-28 18:12 IST,2432,46.7,5
2026-09-28 12:52:22Z,2026-09-28 18:22 IST,2104,46.7,10
2026-09-28 13:01:00Z,2026-09-28 18:31 IST,2432,46.7,5
2026-09-28 13:02:22Z,2026-09-28 18:32 IST,3080,44.0,7
2026-09-28 13:32:22Z,2026-09-28 19:02 IST,3047,49.3,3
2026-09-28 13:42:22Z,2026-09-28 19:12 IST,2324,46.7,2
2026-09-28 14:01:00Z,2026-09-28 19:31 IST,2324,46.7,2
