name_en,district,frame_ist,max_dbz,category
Akkarayankulam,Kilinochchi,2026-09-29 08:12 IST,,no echo (<20 dBZ)
Alampil,Mullaitivu,2026-09-29 08:12 IST,,no echo (<20 dBZ)
Analaitivu,Jaffna,2026-09-29 08:12 IST,,no echo (<20 dBZ)
Atchuvely,Jaffna,2026-09-29 08:12 IST,,no echo (<20 dBZ)
Chankanai,Jaffna,2026-09-29 08:12 IST,,no echo (<20 dBZ)
Chavakachcheri,Jaffna,2026-09-29 08:12 IST,,no echo (<20 dBZ)
Chundikkulam,Kilinochchi,2026-09-29 08:12 IST,,no echo (<20 dBZ)
Chunnakam,Jaffna,2026-09-29 08:12 IST,,no echo (<20 dBZ)
Dharmapuram,Kilinochchi,2026-09-29 08:12 IST,,no echo (<20 dBZ)
Elephant Pass,Kilinochchi,2026-09-29 08:12 IST,,no echo (<20 dBZ)
Ilavalai,Jaffna,2026-09-29 08:12 IST,,no echo (<20 dBZ)
Jaffna,Jaffna,2026-09-29 08:12 IST,,no echo (<20 dBZ)
Jeyapuram,Kilinochchi,2026-09-29 08:12 IST,,no echo (<20 dBZ)
Kaithady,Jaffna,2026-09-29 08:12 IST,,no echo (<20 dBZ)
Kandawalai,Kilinochchi,2026-09-29 08:12 IST,,no echo (<20 dBZ)
Kankesanthurai,Jaffna,2026-09-29 08:12 IST,,no echo (<20 dBZ)
Karainagar,Jaffna,2026-09-29 08:12 IST,,no echo (<20 dBZ)
Karaveddy,Jaffna,2026-09-29 08:12 IST,,no echo (<20 dBZ)
Kayts,Jaffna,2026-09-29 08:12 IST,,no echo (<20 dBZ)
Kilinochchi,Kilinochchi,2026-09-29 08:12 IST,,no echo (<20 dBZ)
Kodikamam,Jaffna,2026-09-29 08:12 IST,,no echo (<20 dBZ)
Kokkilai,Mullaitivu,2026-09-29 08:12 IST,,no echo (<20 dBZ)
Kokkuvil,Jaffna,2026-09-29 08:12 IST,,no echo (<20 dBZ)
Kokkuthoduvai,Mullaitivu,2026-09-29 08:12 IST,,no echo (<20 dBZ)
Kondavil,Jaffna,2026-09-29 08:12 IST,,no echo (<20 dBZ)
Kopay,Jaffna,2026-09-29 08:12 IST,,no echo (<20 dBZ)
Mallakam,Jaffna,2026-09-29 08:12 IST,,no echo (<20 dBZ)
Mallavi,Mullaitivu,2026-09-29 08:12 IST,,no echo (<20 dBZ)
Mandaitivu,Jaffna,2026-09-29 08:12 IST,,no echo (<20 dBZ)
Manipay,Jaffna,2026-09-29 08:12 IST,,no echo (<20 dBZ)
Mankulam,Mullaitivu,2026-09-29 08:12 IST,,no echo (<20 dBZ)
Maruthankerney,Jaffna,2026-09-29 08:12 IST,,no echo (<20 dBZ)
Meesalai,Jaffna,2026-09-29 08:12 IST,,no echo (<20 dBZ)
Mulankavil,Kilinochchi,2026-09-29 08:12 IST,,no echo (<20 dBZ)
Mullaitivu,Mullaitivu,2026-09-29 08:12 IST,,no echo (<20 dBZ)
Mulliyawalai,Mullaitivu,2026-09-29 08:12 IST,,no echo (<20 dBZ)
Murikandy,Kilinochchi,2026-09-29 08:12 IST,,no echo (<20 dBZ)
Muthuiyankaddu,Mullaitivu,2026-09-29 08:12 IST,,no echo (<20 dBZ)
Nachchikuda,Kilinochchi,2026-09-29 08:12 IST,,no echo (<20 dBZ)
Nainativu,Jaffna,2026-09-29 08:12 IST,,no echo (<20 dBZ)
Nallur,Jaffna,2026-09-29 08:12 IST,,no echo (<20 dBZ)
Navaly,Jaffna,2026-09-29 08:12 IST,,no echo (<20 dBZ)
Navatkuli,Jaffna,2026-09-29 08:12 IST,,no echo (<20 dBZ)
Nayaru,Mullaitivu,2026-09-29 08:12 IST,,no echo (<20 dBZ)
Neduntivu (Delft),Jaffna,2026-09-29 08:12 IST,,no echo (<20 dBZ)
Oddusuddan,Mullaitivu,2026-09-29 08:12 IST,,no echo (<20 dBZ)
Pallai,Kilinochchi,2026-09-29 08:12 IST,,no echo (<20 dBZ)
Pandateruppu,Jaffna,2026-09-29 08:12 IST,,no echo (<20 dBZ)
Paranthan,Kilinochchi,2026-09-29 08:12 IST,,no echo (<20 dBZ)
Point Pedro,Jaffna,2026-09-29 08:12 IST,,no echo (<20 dBZ)
Pooneryn,Kilinochchi,2026-09-29 08:12 IST,,no echo (<20 dBZ)
Pungudutivu,Jaffna,2026-09-29 08:12 IST,,no echo (<20 dBZ)
Puthukkudiyiruppu,Mullaitivu,2026-09-29 08:12 IST,,no echo (<20 dBZ)
Sandilipay,Jaffna,2026-09-29 08:12 IST,,no echo (<20 dBZ)
Tellippalai,Jaffna,2026-09-29 08:12 IST,,no echo (<20 dBZ)
Thunukkai,Mullaitivu,2026-09-29 08:12 IST,,no echo (<20 dBZ)
Uduvil,Jaffna,2026-09-29 08:12 IST,,no echo (<20 dBZ)
Urumpirai,Jaffna,2026-09-29 08:12 IST,,no echo (<20 dBZ)
Uruthirapuram,Kilinochchi,2026-09-29 08:12 IST,,no echo (<20 dBZ)
Vadduvakal,Mullaitivu,2026-09-29 08:12 IST,,no echo (<20 dBZ)
Vaddukoddai,Jaffna,2026-09-29 08:12 IST,,no echo (<20 dBZ)
Valvettithurai,Jaffna,2026-09-29 08:12 IST,,no echo (<20 dBZ)
Varany,Jaffna,2026-09-29 08:12 IST,,no echo (<20 dBZ)
Velanai,Jaffna,2026-09-29 08:12 IST,,no echo (<20 dBZ)
Veravil,Kilinochchi,2026-09-29 08:12 IST,,no echo (<20 dBZ)
Visvamadu,Mullaitivu,2026-09-29 08:12 IST,,no echo (<20 dBZ)
